,,,,National Park Service,,,,,,12/31/2017
,,,,Land Resources Division,,,,,,
,,,,Listing of Acreage (Summary),,,,,,
,,,,NPS Less Than,Other Federal,Subtotal Federal,Other Public,,Subtotal Non-,
Area Name,State,Reg,NPS Fee Acres,Fee Acres,Fee Acres,Acres,Acres,Private Acres,Federal Acres,Gross Area Acres
A LINCOLN BIRTHPL NHP,KY,SE,344.50,0.00,0.00,344.50,0.00,0.00,0.00,344.50
ACADIA NP,ME,NE,"37,433.41","10,707.90",24.27,"48,165.58",48.22,861.46,909.68,"49,075.26"
ADAMS NHP,MA,NE,9.17,0.00,0.00,9.17,4.00,10.65,14.65,23.82
AFRICAN BURIAL GROUND NM,NY,NE,0.35,0.00,0.00,0.35,0.00,0.00,0.00,0.35
AGATE FOSSIL BEDS NM,NE,MW,"2,270.33",459.75,0.00,"2,730.08",24.43,303.36,327.79,"3,057.87"
ALAGNAK WILD RVR,AK,A,"26,417.85",0.00,0.00,"26,417.85","2,265.00","1,981.94","4,246.94","30,664.79"
ALIBATES FLINT QUARRIES N,TX,IM,"1,079.23",0.00,0.00,"1,079.23",0.00,291.74,291.74,"1,370.97"
ALLEGHENY PRTGE RR NHS,PA,NE,"1,255.02",0.00,0.00,"1,255.02",16.25,13.00,29.25,"1,284.27"
AMISTAD NRA,TX,IM,"57,292.44",0.00,0.00,"57,292.44",0.00,"1,207.56","1,207.56","58,500.00"
ANDERSONVILLE NHS,GA,SE,499.88,1.00,0.00,500.88,7.89,6.84,14.73,515.61
ANDREW JOHNSON NHS,TN,SE,16.68,0.00,0.00,16.68,0.00,0.00,0.00,16.68
ANIAKCHAK N PRESERVE,AK,A,"458,809.35",0.00,0.00,"458,809.35","5,147.00",161.58,"5,308.58","464,117.93"
ANIAKCHAK NM,AK,A,"137,176.00",0.00,0.00,"137,176.00",0.00,0.00,0.00,"137,176.00"
ANTIETAM NB,MD,NC,"1,937.09",805.68,0.00,"2,742.77",20.98,466.63,487.61,"3,230.38"
APOSTLE ISLANDS NL,WI,MW,"42,160.70",0.00,0.00,"42,160.70","27,216.73",0.00,"27,216.73","69,377.43"
APPALACHIAN NS TRAIL,ME TO GA 4/,NT,"107,069.49","14,685.44","58,264.08","180,019.01","49,294.96","9,117.27","58,412.23","238,431.24"
APPOMATTOX CRT HS NHP,VA,NE,"1,695.29",0.00,0.00,"1,695.29",2.12,77.19,79.31,"1,774.60"
ARCHES NP,UT,IM,"76,545.95",0.00,0.00,"76,545.95",133.03,0.00,133.03,"76,678.98"
ARKANSAS POST NMEM,AR,MW,649.91,0.00,14.00,663.91,0.00,93.60,93.60,757.51
"ARL HOUSE, R E LEE MEM",VA,NC,28.08,0.00,0.00,28.08,0.00,0.00,0.00,28.08
ASSATEAGUE ISLAND NS,MD-VA 2/,NE,"8,983.42",102.16,"9,842.69","18,928.27","22,389.33",28.90,"22,418.23","41,346.50"
AZTEC RUINS NM,NM,IM,266.78,0.00,0.00,266.78,6.78,44.84,51.62,318.40
BADLANDS NP,SD,MW,"111,487.63","122,321.50",0.00,"233,809.13",39.24,"8,907.57","8,946.81","242,755.94"
BANDELIER NM,NM,IM,"33,654.44",0.00,0.00,"33,654.44",0.00,22.23,22.23,"33,676.67"
BELMONT-PAUL WOMENS EQLTY NM,DC,NC,0.34,0.00,0.00,0.34,0.00,0.00,0.00,0.34
BENT'S OLD FORT NHS,CO,IM,735.60,0.00,0.00,735.60,7.40,55.80,63.20,798.80
BERING LAND BRIDGE N PRES,AK,A,"2,651,327.60",0.00,0.00,"2,651,327.60",0.00,"46,063.41","46,063.41","2,697,391.01"
BIG BEND NP,TX,IM,"775,273.38",0.00,0.00,"775,273.38","2,606.87","23,282.96","25,889.83","801,163.21"
BIG CYPRESS ADDITION,FL 5/,SE,"141,476.97",0.00,0.00,"141,476.97","3,541.14","1,092.58","4,633.72","146,110.69"
,,,OFFICIAL NPS REPORT - APPROVED FOR PUBLIC DISTRIBUTION,,,,,,,Page 1 of 15

,,,,National Park Service,,,,,,12/31/2017
,,,,Land Resources Division,,,,,,
,,,,Listing of Acreage (Summary),,,,,,
,,,,NPS Less Than,Other Federal,Subtotal Federal,Other Public,,Subtotal Non-,
Area Name,State,Reg,NPS Fee Acres,Fee Acres,Fee Acres,Acres,Acres,Private Acres,Federal Acres,Gross Area Acres
BIG CYPRESS N PRESERVE,FL 5/,SE,"535,797.22",0.00,1.48,"535,798.70","37,814.36",840.26,"38,654.62","574,453.32"
BIG HOLE NB,MT,PW,655.61,0.00,0.00,655.61,0.00,320.00,320.00,975.61
BIG SOUTH FORK NR & RA,KY-TN,SE,"114,778.57",34.45,0.00,"114,813.02","2,845.50","6,035.58","8,881.08","123,694.10"
BIG THICKET N PRESERVE,TX,IM,"108,626.47",13.38,0.00,"108,639.85","3,465.11","1,017.00","4,482.11","113,121.96"
BIGHORN CANYON NRA,MT-WY,IM,"47,986.04",889.89,"19,614.94","68,490.87","1,392.29","50,413.06","51,805.35","120,296.22"
BIRMINGHAM CIVIL RIGHTS NM,AL,SE,0.23,0.65,0.00,0.88,0.00,0.00,0.00,0.88
BISCAYNE NP,FL,SE,"171,028.91",0.00,18.45,"171,047.36","1,563.90",359.85,"1,923.75","172,971.11"
BLACK CANYON OF GUNNISON,CO,IM,"29,829.21",901.92,0.00,"30,731.13",16.36,33.27,49.63,"30,780.76"
BLACKSTONE RIVER VALLEY NHP,MA-RI,NE,0.00,0.00,0.00,0.00,0.00,"1,489.00","1,489.00","1,489.00"
BLUE RIDGE PKWY,NC-VA,NT,"85,529.79","2,775.57",125.00,"88,430.36",259.58,"10,170.10","10,429.68","98,860.04"
BLUESTONE NSR,WV,NE,"3,032.00",0.00,0.00,"3,032.00","1,236.00",41.51,"1,277.51","4,309.51"
BOOKER T WASHINGTON NM,VA,NE,239.01,0.00,0.00,239.01,0.00,0.00,0.00,239.01
BOSTON AFRI-AMER NHS,MA,NE,0.00,0.00,0.00,0.00,0.06,0.53,0.59,0.59
BOSTON HARBOR ISLAND NRA,MA,NE,0.06,240.51,5.00,245.57,988.74,248.00,"1,236.74","1,482.31"
BOSTON NHP,MA,NE,37.96,0.00,0.00,37.96,5.09,0.77,5.86,43.82
BRICES CROSS RDS NBS,MS,SE,1.00,0.00,0.00,1.00,0.00,0.00,0.00,1.00
BROWN V. BD OF ED. NHS,KS,MW,1.85,0.00,0.00,1.85,0.00,0.00,0.00,1.85
BRYCE CANYON NP,UT,IM,"35,832.58",0.00,0.00,"35,832.58",0.00,2.50,2.50,"35,835.08"
BUCK ISLAND REEF NM,VI,SE,880.00,0.00,"18,135.47","19,015.47",0.00,0.00,0.00,"19,015.47"
BUFFALO N RVR,AR,MW,"88,379.34","3,427.70",0.00,"91,807.04","2,367.91",118.36,"2,486.27","94,293.31"
C & O CANAL NHP,MD-DC-WV,NC,"13,156.94","1,308.25",0.00,"14,465.19","3,173.62","1,973.56","5,147.18","19,612.37"
CABRILLO NM,CA,PW,159.94,0.00,0.00,159.94,0.00,0.00,0.00,159.94
CANAVERAL NS,FL,SE,"17,735.69",0.00,"39,912.00","57,647.69",0.00,14.00,14.00,"57,661.69"
CANE RIVER CREOLE NHP,LA,SE,62.39,0.00,0.00,62.39,4.64,138.47,143.11,205.50
CANYON DE CHELLY NM,AZ,IM,0.00,0.00,0.00,0.00,0.00,"83,840.00","83,840.00","83,840.00"
CANYONLANDS NP,UT,IM,"337,269.40",301.03,0.00,"337,570.43",27.40,0.00,27.40,"337,597.83"
CAPE COD NS,MA,NE,"27,111.29",403.64,31.86,"27,546.79","14,556.22","1,505.27","16,061.49","43,608.28"
CAPE HATTERAS NS,NC,SE,"24,470.10",0.00,"5,880.00","30,350.10",0.00,0.55,0.55,"30,350.65"
CAPE KRUSENSTERN NM,AK,A,"617,195.15","10,033.51",0.00,"627,228.66",353.00,"21,514.49","21,867.49","649,096.15"
CAPE LOOKOUT NS,NC,SE,"13,915.70","11,243.40",14.52,"25,173.62","3,048.16",21.58,"3,069.74","28,243.36"
,,,OFFICIAL NPS REPORT - APPROVED FOR PUBLIC DISTRIBUTION,,,,,,,Page 2 of 15

,,,,National Park Service,,,,,,12/31/2017
,,,,Land Resources Division,,,,,,
,,,,Listing of Acreage (Summary),,,,,,
,,,,NPS Less Than,Other Federal,Subtotal Federal,Other Public,,Subtotal Non-,
Area Name,State,Reg,NPS Fee Acres,Fee Acres,Fee Acres,Acres,Acres,Private Acres,Federal Acres,Gross Area Acres
CAPITOL REEF NP,UT,IM,"241,223.33",0.00,0.00,"241,223.33",681.17,0.00,681.17,"241,904.50"
CAPULIN VOLCANO NM,NM,IM,792.84,0.00,0.00,792.84,0.00,0.00,0.00,792.84
CARL SANDBURG HOME NHS,NC,SE,263.52,0.00,0.00,263.52,0.00,0.13,0.13,263.65
CARLSBAD CAVERNS NP,NM,IM,"46,427.26",0.00,0.00,"46,427.26",0.00,339.19,339.19,"46,766.45"
CARTER G. WOODSON NHS,DC,NC,0.15,0.00,0.00,0.15,0.00,0.00,0.00,0.15
CASA GRANDE RUINS NM,AZ,IM,472.50,0.00,0.00,472.50,0.00,0.00,0.00,472.50
CASTILLO DE SAN MARCOS NM,FL,SE,19.31,0.00,0.00,19.31,0.06,0.01,0.07,19.38
CASTLE CLINTON NM,NY,NE,1.00,0.00,0.00,1.00,0.00,0.00,0.00,1.00
CASTLE MOUNTAINS NM,CA,PW,"20,902.00",0.00,0.00,"20,902.00",106.00,17.50,123.50,"21,025.50"
CATOCTIN MT PARK,MD,NC,"5,890.36",0.00,0.00,"5,890.36",0.00,1.13,1.13,"5,891.49"
CEDAR BREAKS NM,UT,IM,"6,154.60",0.00,0.00,"6,154.60",0.00,0.00,0.00,"6,154.60"
CEDAR CREEK/BELLE GROVE NHP,VA,NE,93.78,0.00,0.00,93.78,21.09,"3,591.52","3,612.61","3,706.39"
CÉSAR E. CHÁVEZ NM,CA,PW,1.90,8.60,0.00,10.50,0.00,106.06,106.06,116.56
CHACO CULTURE NHP,NM,IM,"32,840.14",0.00,0.00,"32,840.14",0.00,"1,120.05","1,120.05","33,960.19"
CHAMIZAL NMEM,TX,IM,54.90,0.00,0.00,54.90,0.00,0.00,0.00,54.90
CHANNEL ISLANDS NP,CA,PW,"69,425.66",0.00,"9,592.96","79,018.62","124,554.15","45,988.23","170,542.38","249,561.00"
CHARLES PINCKNEY NHS,SC,SE,28.45,0.00,0.00,28.45,0.00,0.00,0.00,28.45
CHARLES YOUNG BUFF SOLDRS NM,OH,MW,59.66,0.00,0.00,59.66,0.00,0.00,0.00,59.66
CHATTAHOOCHEE RVR NRA,GA,SE,"5,034.10",154.95,0.00,"5,189.05","3,265.02","2,802.39","6,067.41","11,256.46"
CHICK & CHATT NMP,GA-TN,SE,"9,420.08",12.89,0.00,"9,432.97",27.86,62.65,90.51,"9,523.48"
CHICKASAW NRA,OK,IM,"9,695.79",9.20,189.14,"9,894.13",4.50,0.00,4.50,"9,898.63"
CHIRICAHUA NM,AZ,IM,"12,022.38",0.00,0.00,"12,022.38",0.00,2.35,2.35,"12,024.73"
CHRISTIANSTED NHS,VI,SE,26.24,0.00,0.00,26.24,0.91,0.00,0.91,27.15
CITY OF ROCKS NRESERVE,ID,PW,"10,000.28",0.00,0.00,"10,000.28",640.00,"3,766.91","4,406.91","14,407.19"
CLARA BARTON NHS,MD,NC,8.59,0.00,0.00,8.59,0.00,0.00,0.00,8.59
COLONIAL NHP,VA,NE,"8,048.82",556.47,0.00,"8,605.29",68.83,2.79,71.62,"8,676.91"
COLORADO NM,CO,IM,"20,536.39",0.00,0.00,"20,536.39",0.00,0.00,0.00,"20,536.39"
CONGAREE NP,SC,SE,"26,284.06",0.00,0.00,"26,284.06",0.00,255.16,255.16,"26,539.22"
CONSTITUTION GARDENS,DC,NC,39.23,0.00,0.00,39.23,0.00,0.00,0.00,39.23
CORONADO NMEM,AZ,IM,"4,828.22",0.00,0.00,"4,828.22",0.00,2.00,2.00,"4,830.22"
,,,OFFICIAL NPS REPORT - APPROVED FOR PUBLIC DISTRIBUTION,,,,,,,Page 3 of 15

,,,,National Park Service,,,,,,12/31/2017
,,,,Land Resources Division,,,,,,
,,,,Listing of Acreage (Summary),,,,,,
,,,,NPS Less Than,Other Federal,Subtotal Federal,Other Public,,Subtotal Non-,
Area Name,State,Reg,NPS Fee Acres,Fee Acres,Fee Acres,Acres,Acres,Private Acres,Federal Acres,Gross Area Acres
COWPENS NB,SC,SE,790.90,0.00,0.00,790.90,46.63,4.03,50.66,841.56
CRATER LAKE NP,OR,PW,"183,223.77",0.00,0.00,"183,223.77",0.00,0.28,0.28,"183,224.05"
CRATERS OF THE MOON NM,ID,PW,"53,437.64",0.00,0.00,"53,437.64",0.00,0.00,0.00,"53,437.64"
CRATERS OF THE MOON NPRES,ID,PW,"410,732.92",0.00,"273,488.22","684,221.14","8,156.91","6,561.64","14,718.55","698,939.69"
CUMBERLAND GAP NHP,KY-TN-VA,SE,"24,344.95",185.61,0.00,"24,530.56",10.06,6.21,16.27,"24,546.83"
CUMBERLAND ISLAND NS,GA,SE,"18,866.37",1.63,656.92,"19,524.92","13,820.15","3,001.76","16,821.91","36,346.83"
CURECANTI NRA,CO 1/,IM,"1,122.30",1.38,"42,456.04","43,579.72",10.84,0.00,10.84,"43,590.56"
CUYAHOGA VALLEY NP,OH,MW,"19,057.53","1,453.68",0.00,"20,511.21","8,457.09","3,603.94","12,061.03","32,572.24"
DAYTON AVIATION HR NHP,OH,MW,0.69,0.00,84.41,85.10,0.48,24.94,25.42,110.52
DE SOTO NMEM,FL,SE,24.78,0.00,0.00,24.78,0.00,5.22,5.22,30.00
DEATH VALLEY NP,CA-NV,PW,"3,320,765.33",0.00,393.99,"3,321,159.32","42,187.93","9,715.89","51,903.82","3,373,063.14"
DEL WATER GAP NRA,NJ-PA,NE,"57,260.30",54.20,0.00,"57,314.50","7,528.16","3,821.00","11,349.16","68,663.66"
DELAWARE NSR,NJ-PA,NE,0.00,0.00,0.00,0.00,"1,973.33",0.00,"1,973.33","1,973.33"
DENALI N PRESERVE,AK,A,"1,304,241.97",0.00,0.00,"1,304,241.97",640.00,"29,235.83","29,875.83","1,334,117.80"
DENALI NP,AK,A,"4,732,648.51",2.00,0.00,"4,732,650.51","5,663.00","2,597.65","8,260.65","4,740,911.16"
DEVILS POSTPILE NM,CA,PW,800.19,0.00,0.00,800.19,0.00,0.00,0.00,800.19
DEVILS TOWER NM,WY,IM,"1,346.91",0.00,0.00,"1,346.91",0.00,0.30,0.30,"1,347.21"
DINOSAUR NM,CO-UT,IM,"203,097.93","2,667.58",0.00,"205,765.51",50.96,"4,465.45","4,516.41","210,281.92"
DRY TORTUGAS NP,FL,SE,"61,481.22",0.00,0.00,"61,481.22","3,220.00",0.00,"3,220.00","64,701.22"
EBEY'S LANDING NH RES,WA,PW,685.96,"2,067.21",0.00,"2,753.17",68.00,"16,512.34","16,580.34","19,333.51"
EDGAR ALLAN POE NHS,PA,NE,0.52,0.00,0.00,0.52,0.00,0.00,0.00,0.52
EFFIGY MOUNDS NM,IA,MW,"2,526.39",0.00,0.00,"2,526.39",0.00,0.00,0.00,"2,526.39"
EISENHOWER NHS,PA,NE,687.37,3.09,0.00,690.46,0.00,0.00,0.00,690.46
EL MALPAIS NM,NM,IM,"109,946.76",0.00,0.00,"109,946.76",435.61,"3,964.74","4,400.35","114,347.11"
EL MORRO NM,NM,IM,"1,039.92",0.00,0.00,"1,039.92",0.00,238.80,238.80,"1,278.72"
ELEANOR ROOSEVELT NHS,NY,NE,180.50,0.00,0.00,180.50,0.00,0.00,0.00,180.50
EUGENE O'NEILL NHS,CA,PW,13.19,0.00,0.00,13.19,0.00,0.00,0.00,13.19
EVERGLADES EXPANSION,FL 6/,SE,"108,372.87",20.16,1.92,"108,394.95",0.00,0.00,0.00,"108,394.95"
EVERGLADES NP,FL 6/,SE,"1,400,253.48",0.00,0.00,"1,400,253.48",0.00,285.82,285.82,"1,400,539.30"
FDR MEMORIAL,DC,NC,8.14,0.00,0.00,8.14,0.00,0.00,0.00,8.14
,,,OFFICIAL NPS REPORT - APPROVED FOR PUBLIC DISTRIBUTION,,,,,,,Page 4 of 15

,,,,National Park Service,,,,,,12/31/2017
,,,,Land Resources Division,,,,,,
,,,,Listing of Acreage (Summary),,,,,,
,,,,NPS Less Than,Other Federal,Subtotal Federal,Other Public,,Subtotal Non-,
Area Name,State,Reg,NPS Fee Acres,Fee Acres,Fee Acres,Acres,Acres,Private Acres,Federal Acres,Gross Area Acres
FEDERAL HALL NMEM,NY,NE,0.45,0.00,0.00,0.45,0.00,0.00,0.00,0.45
FIRE ISLAND NS,NY,NE,"3,090.44","3,151.51",0.00,"6,241.95","12,422.73",915.74,"13,338.47","19,580.42"
FIRST LADIES NHS,OH,MW,0.46,0.00,0.00,0.46,0.00,0.00,0.00,0.46
FIRST STATE NHP,DE-PA,NE,"1,105.13",5.54,0.00,"1,110.67",2.47,41.90,44.37,"1,155.04"
FLIGHT 93 NATIONAL MEMORIAL,PA,NE,"1,641.41",0.00,0.00,"1,641.41",0.00,677.95,677.95,"2,319.36"
FLORISSANT FOSSIL BEDS NM,CO,IM,"5,992.32",0.00,0.00,"5,992.32",5.77,0.00,5.77,"5,998.09"
FORD'S THEATRE NHS,DC,NC,0.30,0.00,0.00,0.30,0.00,0.00,0.00,0.30
FOSSIL BUTTE NM,WY,IM,"8,198.00",0.00,0.00,"8,198.00",0.00,0.00,0.00,"8,198.00"
FREDERICK DOUGLASS NHS,DC,NC,8.57,0.00,0.00,8.57,0.00,0.00,0.00,8.57
FREDERICK LAW OLMSTED NHS,MA,NE,7.06,0.15,0.00,7.21,0.00,0.00,0.00,7.21
FRED-SPOTS MEM NMP,VA,NE,"7,465.45",85.69,0.00,"7,551.14",13.20,840.84,854.04,"8,405.18"
FREEDOM RIDERS NM,AL,SE,5.96,0.00,0.00,5.96,0.00,0.00,0.00,5.96
FRIENDSHIP HILL NHS,PA,NE,661.44,0.00,0.00,661.44,0.00,13.12,13.12,674.56
FT BOWIE NHS,AZ,IM,999.45,0.00,0.00,999.45,0.00,0.00,0.00,999.45
FT CAROLINE NMEM,FL,SE,137.26,0.00,0.00,137.26,0.00,1.13,1.13,138.39
FT DAVIS NHS,TX,IM,523.00,0.00,0.00,523.00,0.00,0.00,0.00,523.00
FT DONELSON NB,TN-KY,SE,"1,027.16",0.00,226.49,"1,253.65",17.14,48.21,65.35,"1,319.00"
FT FREDERICA NM,GA,SE,281.02,2.18,0.00,283.20,0.00,1.29,1.29,284.49
FT LARAMIE NHS,WY,IM,871.78,0.00,0.00,871.78,0.00,1.33,1.33,873.11
FT LARNED NHS,KS,MW,410.46,269.20,0.00,679.66,38.73,0.00,38.73,718.39
FT MATANZAS NM,FL,SE,298.51,0.00,0.00,298.51,0.00,1.60,1.60,300.11
FT MCHENRY NM & HSHRIN,MD,NE,43.26,0.00,0.00,43.26,0.00,0.00,0.00,43.26
FT MONROE NM,VA,NE,121.11,64.54,141.47,327.12,40.00,0.00,40.00,367.12
FT NECESSITY NB,PA,NE,894.47,0.00,0.00,894.47,8.33,0.00,8.33,902.80
FT POINT NHS,CA,PW,29.00,0.00,0.00,29.00,0.00,0.00,0.00,29.00
FT PULASKI NM,GA,SE,"5,365.13",0.00,0.00,"5,365.13",257.97,0.00,257.97,"5,623.10"
FT RALEIGH NHS,NC,SE,355.45,0.00,0.00,355.45,18.09,139.39,157.48,512.93
FT SCOTT NHS,KS,MW,16.69,0.00,0.00,16.69,0.00,0.00,0.00,16.69
FT SMITH NHS,AR-OK,MW,31.75,0.41,5.80,37.96,1.44,35.60,37.04,75.00
FT STANWIX NM,NY,NE,15.52,0.00,0.00,15.52,0.00,0.00,0.00,15.52
,,,OFFICIAL NPS REPORT - APPROVED FOR PUBLIC DISTRIBUTION,,,,,,,Page 5 of 15

,,,,National Park Service,,,,,,12/31/2017
,,,,Land Resources Division,,,,,,
,,,,Listing of Acreage (Summary),,,,,,
,,,,NPS Less Than,Other Federal,Subtotal Federal,Other Public,,Subtotal Non-,
Area Name,State,Reg,NPS Fee Acres,Fee Acres,Fee Acres,Acres,Acres,Private Acres,Federal Acres,Gross Area Acres
FT SUMTER NM,SC,SE,164.60,61.06,4.97,230.63,4.11,0.00,4.11,234.74
FT UNION NM,NM,IM,720.60,0.00,0.00,720.60,0.00,0.00,0.00,720.60
FT UNION TRADING POST NHS,ND-MT,MW,246.80,123.43,0.00,370.23,67.29,2.62,69.91,440.14
FT VANCOUVER NHS,WA,PW,164.70,0.63,32.08,197.41,9.31,0.00,9.31,206.72
FT WASHINGTON PARK,MD,NC,341.00,0.00,0.00,341.00,0.00,0.00,0.00,341.00
G W BIRTHPLACE NM,VA,NE,550.23,0.00,0.00,550.23,0.00,102.95,102.95,653.18
G W MEMORIAL PKWY,MD-VA,NC,"6,270.93",460.16,88.17,"6,819.26",108.50,107.46,215.96,"7,035.22"
GATES OF ARCTIC N PRES,AK,A,"948,203.00",0.00,0.00,"948,203.00",0.00,405.07,405.07,"948,608.07"
GATES OF THE ARCTIC NP,AK,A,"7,276,030.20","83,780.00",0.00,"7,359,810.20","1,292.00","162,795.25","164,087.25","7,523,897.45"
GATEWAY NRA,NJ-NY,NE,"20,164.67",1.63,279.24,"20,445.54","5,558.90",602.19,"6,161.09","26,606.63"
GAULEY RIVER NRA,WV,NE,"4,817.11",61.67,43.36,"4,922.14",989.83,"5,654.49","6,644.32","11,566.46"
GENERAL GRANT NMEM,NY,NE,0.76,0.00,0.00,0.76,0.00,0.00,0.00,0.76
GEORGE R CLARK NHP,IN,MW,25.30,0.00,0.00,25.30,0.87,0.00,0.87,26.17
GEORGE WASH. CARVER NM,MO,MW,210.00,0.00,0.00,210.00,0.00,0.00,0.00,210.00
GETTYSBURG NMP,PA,NE,"4,572.80",590.81,0.01,"5,163.62",5.28,863.64,868.92,"6,032.54"
GILA CLIFF DWELNGS NM,NM,IM,533.13,0.00,0.00,533.13,0.00,0.00,0.00,533.13
GLACIER BAY N PRESERVE,AK,A,"58,406.00",0.00,0.00,"58,406.00",0.00,0.00,0.00,"58,406.00"
GLACIER BAY NP,AK,A,"3,222,284.20",0.00,0.00,"3,222,284.20",0.00,"1,099.23","1,099.23","3,223,383.43"
GLACIER NP,MT,IM,"1,012,842.80",54.34,0.00,"1,012,897.14",2.51,226.34,228.85,"1,013,125.99"
GLEN CANYON NRA,AZ-UT,IM,"1,238,621.99",0.00,"1,141.85","1,239,763.84","14,352.78",0.00,"14,352.78","1,254,116.62"
GOLDEN GATE NRA,CA,PW,"34,742.93",24.55,324.97,"35,092.45","44,382.21","2,552.20","46,934.41","82,026.86"
GOLDEN SPIKE NHS,UT,IM,"2,203.20",0.00,0.00,"2,203.20",0.00,532.08,532.08,"2,735.28"
GOVERNORS ISLAND NM,NY,NE,22.40,0.01,0.00,22.41,0.00,0.50,0.50,22.91
GRAND CANYON NP,AZ,IM,"1,180,650.85",0.00,0.00,"1,180,650.85","11,860.00","9,136.18","20,996.18","1,201,647.03"
GRAND PORTAGE NM,MN,MW,709.97,0.00,0.00,709.97,0.00,0.00,0.00,709.97
GRAND TETON NP,WY,IM,"273,477.58",8.85,"34,984.62","308,471.05",653.34,919.83,"1,573.17","310,044.22"
GRANT-KOHRS RANCH NHS,MT,IM,"1,325.83",165.63,0.00,"1,491.46",69.47,57.50,126.97,"1,618.43"
GREAT BASIN NP,NV,PW,"77,180.00",0.00,0.00,"77,180.00",0.00,0.00,0.00,"77,180.00"
GREAT EGG HARBOR N. RIVER,NJ,NE,0.00,0.00,0.00,0.00,"43,311.42",0.00,"43,311.42","43,311.42"
GREAT SAND DUNES N PRES,CO,IM,"41,686.00",0.00,0.00,"41,686.00",0.00,0.00,0.00,"41,686.00"
,,,OFFICIAL NPS REPORT - APPROVED FOR PUBLIC DISTRIBUTION,,,,,,,Page 6 of 15

,,,,National Park Service,,,,,,12/31/2017
,,,,Land Resources Division,,,,,,
,,,,Listing of Acreage (Summary),,,,,,
,,,,NPS Less Than,Other Federal,Subtotal Federal,Other Public,,Subtotal Non-,
Area Name,State,Reg,NPS Fee Acres,Fee Acres,Fee Acres,Acres,Acres,Private Acres,Federal Acres,Gross Area Acres
GREAT SAND DUNES NP,CO,IM,"94,687.84",0.00,0.00,"94,687.84",40.00,"12,614.03","12,654.03","107,341.87"
GREAT SMOKY MTS NP,TN-NC,SE,"521,984.15",92.58,0.00,"522,076.73",0.00,350.15,350.15,"522,426.88"
GREENBELT PARK,MD,NC,"1,105.79",0.00,0.00,"1,105.79",58.30,11.33,69.63,"1,175.42"
GUADALUPE MTS NP,TX,IM,"86,367.10",0.00,0.00,"86,367.10",0.00,0.00,0.00,"86,367.10"
GUILFORD COURTHS NMP,NC,SE,252.64,0.00,0.00,252.64,0.00,0.00,0.00,252.64
GULF ISLANDS NS,FL-MS,SE,"95,223.93",2.09,"4,553.25","99,779.27","37,807.56",718.69,"38,526.25","138,305.52"
HAGERMAN FOSSIL BEDS,ID,PW,"4,334.65",0.00,0.00,"4,334.65",0.00,16.50,16.50,"4,351.15"
HALEAKALA NP,HI,PW,"33,264.47",0.00,0.00,"33,264.47",0.15,0.00,0.15,"33,264.62"
HAMILTON GRANGE NMEM,NY,NE,0.11,0.93,0.00,1.04,0.00,0.71,0.71,1.75
HAMPTON NHS,MD,NE,62.04,0.00,0.00,62.04,0.00,0.00,0.00,62.04
HARPERS FERRY NHP,MD-VA-WV,NC,"3,155.41",53.67,338.97,"3,548.05",59.10,49.07,108.17,"3,656.22"
HARRIET TUBMAN NHP,NY,NE,0.50,0.00,0.00,0.50,0.00,31.00,31.00,31.50
HARRIET TUBMAN UNDRGR RR NHP,MD,NE,480.00,0.00,0.00,480.00,0.00,0.00,0.00,480.00
HARRY S TRUMAN NHS,MO,MW,12.59,0.00,0.00,12.59,0.00,0.00,0.00,12.59
HAWAII VOLCANOES NP,HI,PW,"323,431.38",0.00,0.00,"323,431.38",0.00,0.00,0.00,"323,431.38"
HERBERT HOOVER NHS,IA,MW,181.11,0.00,0.00,181.11,4.59,1.10,5.69,186.80
HOHOKAM PIMA NM,AZ,IM,0.00,0.00,0.00,0.00,0.00,"1,690.00","1,690.00","1,690.00"
HOME OF F D R NHS,NY,NE,785.45,46.98,1.00,833.43,0.00,0.00,0.00,833.43
HOMESTEAD NM OF AMERIC,NE,MW,181.11,24.07,0.00,205.18,5.91,0.00,5.91,211.09
HONOULIULI NM,HI,PW,123.02,0.00,0.00,123.02,0.00,31.44,31.44,154.46
HOPEWELL CULTURE NHP,OH,MW,"1,138.30",8.05,0.00,"1,146.35",0.11,623.73,623.84,"1,770.19"
HOPEWELL FURNACE NHS,PA,NE,848.06,0.00,0.00,848.06,0.00,0.00,0.00,848.06
HORSESHOE BEND NMP,AL,SE,"2,040.00",0.00,0.00,"2,040.00",0.00,0.00,0.00,"2,040.00"
HOT SPRINGS NP,AR,MW,"4,998.10",0.00,0.00,"4,998.10",333.89,216.02,549.91,"5,548.01"
HOVENWEEP NM,CO-UT,IM,784.93,0.00,0.00,784.93,0.00,0.00,0.00,784.93
HUBBELL T P NHS,AZ,IM,160.09,0.00,0.00,160.09,0.00,0.00,0.00,160.09
INDEPENDENCE NHP,PA,NE,33.27,0.60,0.02,33.89,4.95,6.03,10.98,44.87
INDIANA DUNES NL,IN,MW,"10,552.13",544.00,0.00,"11,096.13","3,417.95",833.05,"4,251.00","15,347.13"
ISLE ROYALE NP,MI,MW,"539,281.91",0.00,0.00,"539,281.91","32,508.39",0.00,"32,508.39","571,790.30"
J F KENNEDY NHS,MA,NE,0.09,0.00,0.00,0.09,0.00,0.00,0.00,0.09
,,,OFFICIAL NPS REPORT - APPROVED FOR PUBLIC DISTRIBUTION,,,,,,,Page 7 of 15

,,,,National Park Service,,,,,,12/31/2017
,,,,Land Resources Division,,,,,,
,,,,Listing of Acreage (Summary),,,,,,
,,,,NPS Less Than,Other Federal,Subtotal Federal,Other Public,,Subtotal Non-,
Area Name,State,Reg,NPS Fee Acres,Fee Acres,Fee Acres,Acres,Acres,Private Acres,Federal Acres,Gross Area Acres
JAMES A GARFIELD NHS,OH,MW,7.82,0.00,0.00,7.82,0.00,0.00,0.00,7.82
JDROCKEFELLER MEM PKWY,WY,IM,"23,777.22",0.00,0.00,"23,777.22",0.00,0.00,0.00,"23,777.22"
JEAN LAFITTE NHP &PRES,LA,SE,"17,625.30",0.40,0.00,"17,625.70","2,354.12","2,441.04","4,795.16","22,420.86"
JEFFERSON N EXPAN MEM,MO-IL,MW,85.46,5.50,0.00,90.96,16.64,85.23,101.87,192.83
JEWEL CAVE NM,SD,MW,"1,273.51",0.00,0.00,"1,273.51",0.00,0.00,0.00,"1,273.51"
JIMMY CARTER NHS,GA,SE,36.81,8.81,1.92,47.54,0.00,24.67,24.67,72.21
JOHN DAY FOS BEDS NM,OR,PW,"7,082.05","1,403.05","4,971.06","13,456.16",134.54,471.32,605.86,"14,062.02"
JOHN MUIR NHS,CA,PW,338.30,0.00,0.00,338.30,3.90,1.94,5.84,344.14
JOHNSTOWN FLOOD NMEM,PA,NE,167.77,1.24,0.00,169.01,5.55,3.20,8.75,177.76
JOSHUA TREE NP,CA,PW,"779,163.11",0.00,25.40,"779,188.51","2,572.74","8,874.49","11,447.23","790,635.74"
KALAUPAPA NHP,HI,PW,22.88,0.00,0.00,22.88,"10,684.00",72.00,"10,756.00","10,778.88"
KALOKO-HONOKOHAU NHP,HI,PW,615.90,0.00,0.00,615.90,518.83,28.32,547.15,"1,163.05"
KATAHDIN WOODS AND WATERS NM,ME,NE,"87,564.27",0.00,0.00,"87,564.27",0.00,0.00,0.00,"87,564.27"
KATMAI N PRESERVE,AK,A,"333,400.98",0.00,0.00,"333,400.98","76,881.00","8,416.82","85,297.82","418,698.80"
KATMAI NP,AK,A,"3,611,536.50",20.43,7.50,"3,611,564.43","50,172.00","12,792.90","62,964.90","3,674,529.33"
KENAI FJORDS NP,AK,A,"603,129.86",0.00,0.00,"603,129.86","19,302.00","47,218.19","66,520.19","669,650.05"
KENNESAW MT NBP,GA,SE,"2,887.92",0.00,0.00,"2,887.92",6.37,0.00,6.37,"2,894.29"
KEWEENAW NHP,MI,MW,135.78,0.00,0.00,135.78,0.00,"1,734.22","1,734.22","1,870.00"
KINGS CANYON NP,CA,PW,"461,846.05",0.00,0.00,"461,846.05",0.00,55.15,55.15,"461,901.20"
KINGS MT NMP,SC,SE,"3,945.29",0.00,0.00,"3,945.29",0.00,0.00,0.00,"3,945.29"
KLONDIKE GOLD RUSH NHP,AK-WA,A,"3,420.00",0.00,0.00,"3,420.00","9,199.38",377.11,"9,576.49","12,996.49"
KNIFE RIVER INDIAN VIL NH,ND,MW,"1,457.24",136.41,0.00,"1,593.65",0.00,155.15,155.15,"1,748.80"
KOBUK VALLEY NP,AK,A,"1,714,413.42",5.00,0.00,"1,714,418.42",966.00,"35,331.74","36,297.74","1,750,716.16"
KOREAN WAR VETERANS MEM,DC,NC,1.56,0.00,0.00,1.56,0.00,0.00,0.00,1.56
LAKE CHELAN NRA,WA,PW,"59,337.22",11.83,0.00,"59,349.05","2,210.44",386.78,"2,597.22","61,946.27"
LAKE CLARK N PRESERVE,AK,A,"1,250,057.33","9,251.98",0.00,"1,259,309.31","58,224.63","92,759.74","150,984.37","1,410,293.68"
LAKE CLARK NP,AK,A,"2,481,439.42",0.00,0.00,"2,481,439.42","37,426.00","100,951.07","138,377.07","2,619,816.49"
LAKE MEAD NRA,AZ-NV,PW,"1,392,731.19",41.31,"78,230.76","1,471,003.26","2,444.75","22,367.52","24,812.27","1,495,815.53"
LAKE MEREDITH NRA,TX,IM,"43,964.51",0.00,"1,013.00","44,977.51",0.00,0.12,0.12,"44,977.63"
LAKE ROOSEVELT NRA,WA 1/,PW,331.31,0.00,"100,059.00","100,390.31",0.00,0.00,0.00,"100,390.31"
,,,OFFICIAL NPS REPORT - APPROVED FOR PUBLIC DISTRIBUTION,,,,,,,Page 8 of 15

,,,,National Park Service,,,,,,12/31/2017
,,,,Land Resources Division,,,,,,
,,,,Listing of Acreage (Summary),,,,,,
,,,,NPS Less Than,Other Federal,Subtotal Federal,Other Public,,Subtotal Non-,
Area Name,State,Reg,NPS Fee Acres,Fee Acres,Fee Acres,Acres,Acres,Private Acres,Federal Acres,Gross Area Acres
LASSEN VOLCANIC NP,CA,PW,"106,504.80",0.00,0.00,"106,504.80",0.00,84.22,84.22,"106,589.02"
LAVA BEDS NM,CA,PW,"46,692.42",0.00,0.00,"46,692.42",0.00,0.00,0.00,"46,692.42"
LBJ MEM GROVE ON THE POTOMAC,DC,NC,17.00,0.00,0.00,17.00,0.00,0.00,0.00,17.00
LEWIS AND CLARK NHP,OR-WA,PW,"2,729.32",0.00,0.00,"2,729.32",273.40,407.43,680.83,"3,410.15"
LINCOLN BOYHOOD NMEM,IN,MW,185.68,0.00,0.00,185.68,6.38,7.90,14.28,199.96
LINCOLN HOME NHS,IL,MW,12.03,0.00,0.00,12.03,0.00,0.21,0.21,12.24
LINCOLN MEMORIAL,DC,NC,7.29,0.00,0.00,7.29,0.00,0.00,0.00,7.29
LITTLE BIGHORN BATTLEFLD,MT,IM,765.34,0.00,0.00,765.34,0.00,0.00,0.00,765.34
LITTLE RIVER CANYON,AL,SE,"11,140.13",0.00,13.33,"11,153.46","3,287.87",847.25,"4,135.12","15,288.58"
LITTLE ROCK CENTRAL HS NH,AR,MW,2.22,0.00,0.00,2.22,24.91,0.15,25.06,27.28
LONGFELLOW HOUSE-WASH HQ NHS,MA,NE,1.98,0.00,0.00,1.98,0.00,0.00,0.00,1.98
LOWELL NHP,MA,NE,10.62,21.04,0.00,31.66,5.38,104.63,110.01,141.67
LOWER ST CROIX NSR,MN-WI,MW,"4,916.40","3,488.93",0.00,"8,405.33","4,496.83","12,374.29","16,871.12","25,276.45"
LYNDON B JOHNSON NHP,TX,IM,672.28,2.05,0.00,674.33,2.42,894.96,897.38,"1,571.71"
M MCLEOD BETHUNE HOUSE NHS,DC,NC,0.07,0.00,0.00,0.07,0.00,0.00,0.00,0.07
MAGGIE L WALKER NHS,VA,NE,0.36,0.00,0.00,0.36,0.00,0.93,0.93,1.29
MAMMOTH CAVE NP,KY,SE,"52,003.24",0.00,0.00,"52,003.24",814.75,"1,193.92","2,008.67","54,011.91"
MANASSAS NBP,VA,NC,"4,400.73",21.52,0.00,"4,422.25",0.00,650.38,650.38,"5,072.63"
MANHATTAN PROJECT NHP,NM-TN-WA,IM,0.00,0.00,113.61,113.61,0.00,0.00,0.00,113.61
MANZANAR NHS,CA,PW,813.81,0.00,0.00,813.81,0.00,0.00,0.00,813.81
MARSH-BILLINGS-ROCKEFELLER N,VT,NE,555.07,0.00,0.00,555.07,0.00,88.00,88.00,643.07
"MARTIN L KING, JR, MEMORIAL",DC,NC,2.74,0.00,0.00,2.74,0.00,0.00,0.00,2.74
"MARTIN L KING, JR, NHS",GA,SE,13.62,0.00,0.00,13.62,10.22,14.86,25.08,38.70
MARTIN VAN BUREN NHS,NY,NE,44.53,7.64,0.00,52.17,0.24,232.52,232.76,284.93
MESA VERDE NP,CO,IM,"52,253.29",0.00,0.00,"52,253.29",41.01,190.87,231.88,"52,485.17"
MINIDOKA NHS,ID,PW,299.79,88.51,0.00,388.30,8.00,0.00,8.00,396.30
MINUTE MAN NHP,MA,NE,787.69,7.47,6.78,801.94,125.53,100.29,225.82,"1,027.76"
MINUTEMAN MISSILE NHS,SD,MW,39.22,0.93,0.00,40.15,0.00,3.65,3.65,43.80
MISSISSIPPI N RVR & RA,MN,MW,91.74,0.00,0.00,91.74,0.00,"53,683.26","53,683.26","53,775.00"
MISSOURI N REC RIVER,SD-NE,MW,307.68,1.10,0.00,308.78,0.00,"48,147.77","48,147.77","48,456.55"
,,,OFFICIAL NPS REPORT - APPROVED FOR PUBLIC DISTRIBUTION,,,,,,,Page 9 of 15

,,,,National Park Service,,,,,,12/31/2017
,,,,Land Resources Division,,,,,,
,,,,Listing of Acreage (Summary),,,,,,
,,,,NPS Less Than,Other Federal,Subtotal Federal,Other Public,,Subtotal Non-,
Area Name,State,Reg,NPS Fee Acres,Fee Acres,Fee Acres,Acres,Acres,Private Acres,Federal Acres,Gross Area Acres
MOJAVE NATIONAL PRESERVE,CA,PW,"1,482,052.82",0.00,0.00,"1,482,052.82","43,555.02","20,077.65","63,632.67","1,545,685.49"
MONOCACY NB,MD,NC,"1,354.87",195.37,0.00,"1,550.24",51.82,44.81,96.63,"1,646.87"
MONTEZUMA CASTLE NM,AZ,IM,998.69,0.00,0.00,998.69,0.00,16.83,16.83,"1,015.52"
MOORES CREEK NB,NC,SE,85.35,2.40,0.00,87.75,0.00,0.00,0.00,87.75
MORRISTOWN NHP,NJ,NE,"1,704.74",0.95,0.00,"1,705.69",0.00,5.03,5.03,"1,710.72"
MT RAINIER NP,WA,PW,"236,326.85",0.00,0.00,"236,326.85",20.70,34.09,54.79,"236,381.64"
MT RUSHMORE NMEM,SD,MW,"1,238.45",1.07,0.00,"1,239.52",38.93,0.00,38.93,"1,278.45"
MUIR WOODS NM,CA,PW,522.98,0.00,0.00,522.98,30.57,0.00,30.57,553.55
NATCHEZ NHP,MS,SE,85.98,0.00,0.00,85.98,5.02,17.30,22.32,108.30
NATCHEZ TRACE NS TRAIL,TN-MS-AL,SE,0.00,0.00,0.00,0.00,0.00,"10,995.00","10,995.00","10,995.00"
NATCHEZ TRACE PKWY,TN-MS-AL,SE,"46,320.02","5,887.28",0.00,"52,207.30",34.54,60.16,94.70,"52,302.00"
NATIONAL CAPITAL PARKS,DC-MD,NC,"8,430.87",31.60,0.00,"8,462.47",192.67,38.23,230.90,"8,693.37"
NATIONAL MALL,DC,NC,150.44,5.40,0.00,155.84,0.00,0.00,0.00,155.84
NATIONAL WWII MEMORIAL,DC,NC,8.25,0.00,0.00,8.25,0.00,0.00,0.00,8.25
NATURAL BRIDGES NM,UT,IM,"7,620.49",16.00,0.00,"7,636.49",0.00,0.00,0.00,"7,636.49"
NAVAJO NM,AZ,IM,360.00,0.00,0.00,360.00,0.00,0.00,0.00,360.00
NEW BEDFORD WHALING,MA,NE,0.34,0.00,0.00,0.34,0.00,33.66,33.66,34.00
NEW ORLEANS JAZZ NHP,LA,SE,0.00,0.00,0.00,0.00,5.13,0.00,5.13,5.13
NEW RIVER GORGE N RVR,WV,NE,"53,689.64",164.21,0.00,"53,853.85","4,607.99","13,723.92","18,331.91","72,185.76"
NEZ PERCE NHP,MT-ID-OR-WA,PW,"1,972.61","1,885.33",5.12,"3,863.06",261.20,440.67,701.87,"4,564.93"
NICODEMUS NHS,KS,MW,0.22,1.42,0.00,1.64,12.93,2.95,15.88,17.52
NINETY SIX NHS,SC,SE,"1,021.94",0.00,0.00,"1,021.94",0.00,0.00,0.00,"1,021.94"
NIOBRARA N. SCENIC RIVER,NE,MW,185.88,0.00,844.52,"1,030.40",398.68,"27,671.94","28,070.62","29,101.02"
NOATAK N PRESERVE,AK,A,"6,549,220.04",0.00,0.00,"6,549,220.04","1,197.00","36,654.35","37,851.35","6,587,071.39"
NORTH CASCADES NP,WA,PW,"504,654.18",0.00,0.00,"504,654.18",0.00,126.76,126.76,"504,780.94"
NP OF AMERICAN SAMOA,SAMOA,PW,0.00,0.00,0.00,0.00,"8,256.67",0.00,"8,256.67","8,256.67"
OBED WILD & SCENIC RVR,TN,SE,"2,641.91","1,081.12",0.00,"3,723.03",350.44,"1,422.38","1,772.82","5,495.85"
OCMULGEE NM,GA,SE,701.54,0.00,0.00,701.54,2.16,0.00,2.16,703.70
OLYMPIC NP,WA,PW,"913,388.24",64.88,100.00,"913,553.12","8,749.28",347.01,"9,096.29","922,649.41"
OREGON CAVES NM & PRES,OR,PW,"4,554.03",0.00,0.00,"4,554.03",0.00,0.00,0.00,"4,554.03"
,,,OFFICIAL NPS REPORT - APPROVED FOR PUBLIC DISTRIBUTION,,,,,,,Page 10 of 15

,,,,National Park Service,,,,,,12/31/2017
,,,,Land Resources Division,,,,,,
,,,,Listing of Acreage (Summary),,,,,,
,,,,NPS Less Than,Other Federal,Subtotal Federal,Other Public,,Subtotal Non-,
Area Name,State,Reg,NPS Fee Acres,Fee Acres,Fee Acres,Acres,Acres,Private Acres,Federal Acres,Gross Area Acres
ORGAN PIPE CACTUS NM,AZ,IM,"329,114.50",24.42,226.37,"329,365.29","1,280.00",43.57,"1,323.57","330,688.86"
OZARK NS RIVERWAYS,MO,MW,"52,206.33","9,162.09",0.00,"61,368.42","14,062.59","5,354.03","19,416.62","80,785.04"
PADRE ISLAND NS,TX,IM,"130,355.46",0.00,0.00,"130,355.46",78.81,0.00,78.81,"130,434.27"
PALO ALTO BTLFLD NHP,TX,IM,"1,809.89",0.00,0.00,"1,809.89",0.00,"1,631.85","1,631.85","3,441.74"
PATERSON GREAT FALLS NHP,NJ,NE,0.39,0.00,0.00,0.39,50.47,0.46,50.93,51.32
PEA RIDGE NMP,AR,MW,"4,278.75",0.00,0.00,"4,278.75",17.83,3.77,21.60,"4,300.35"
PECOS NHP,NM,IM,"6,405.68",0.00,0.00,"6,405.68",51.51,236.30,287.81,"6,693.49"
PENNSYLVANIA AVE NHS,DC,NC,15.59,0.00,0.84,16.43,1.18,0.00,1.18,17.61
PERRY'S VIC & INT PEACE M,OH,MW,23.12,0.02,0.00,23.14,2.24,0.00,2.24,25.38
PETERSBURG NB,VA,NE,"2,656.14",0.12,0.00,"2,656.26",0.00,"6,712.08","6,712.08","9,368.34"
PETRIFIED FOREST NP,AZ,IM,"147,024.45",0.00,0.00,"147,024.45","35,900.69","38,465.07","74,365.76","221,390.21"
PETROGLYPH NM,NM,IM,"2,936.37",0.00,0.00,"2,936.37","4,160.95",111.98,"4,272.93","7,209.30"
PICTURED ROCKS NL,MI,MW,"35,705.86",21.30,44.16,"35,771.32","13,939.75","23,524.76","37,464.51","73,235.83"
PINNACLES NP,CA,PW,"26,674.60",0.31,0.00,"26,674.91",0.00,10.82,10.82,"26,685.73"
PIPE SPRING NM,AZ,IM,40.00,0.00,0.00,40.00,0.00,0.00,0.00,40.00
PIPESTONE NM,MN,MW,281.78,0.00,0.00,281.78,0.00,0.00,0.00,281.78
PISCATAWAY PARK,MD,NC,"1,919.85","2,670.72",0.00,"4,590.57",0.00,35.80,35.80,"4,626.37"
POINT REYES NS,CA,PW,"64,856.50",42.98,334.87,"65,234.35","2,696.98","3,122.05","5,819.03","71,053.38"
PORT CHICAGO NAVAL MAG N MEM,CA,PW,0.00,0.00,5.00,5.00,0.00,0.00,0.00,5.00
POTOMAC HERITAGE NST,PA TO VA,NC,0.00,0.00,0.00,0.00,0.00,0.00,0.00,0.00
POVERTY POINT NM,LA,SE,0.00,0.00,0.00,0.00,415.14,495.71,910.85,910.85
PRESIDENT WJ CLINTON BP NHS,AR,MW,0.68,0.00,0.00,0.68,0.00,0.00,0.00,0.68
PRINCE WM FOREST PARK,VA,NC,"14,562.03",41.89,0.00,"14,603.92",0.00,"1,476.90","1,476.90","16,080.82"
PULLMAN NM,IL,MW,0.24,0.16,0.00,0.40,0.00,0.00,0.00,0.40
PU'UHONUA O HONAUNAU,HI,PW,418.78,1.02,0.00,419.80,0.00,0.00,0.00,419.80
PUUKOHOLA HEIAU NHS,HI,PW,60.95,0.00,0.00,60.95,25.29,0.00,25.29,86.24
R REAGAN BOYHOOD HOME NHS,IL,MW,0.00,0.00,0.00,0.00,0.00,1.01,1.01,1.01
RAINBOW BRIDGE NM,UT,IM,160.00,0.00,0.00,160.00,0.00,0.00,0.00,160.00
RECONSTRUCTION ERA NM,SC,SE,3.20,1.47,10.86,15.53,0.00,0.00,0.00,15.53
REDWOOD NP,CA,PW,"77,715.18",29.36,1.92,"77,746.46","61,101.92",150.99,"61,252.91","138,999.37"
,,,OFFICIAL NPS REPORT - APPROVED FOR PUBLIC DISTRIBUTION,,,,,,,Page 11 of 15

,,,,National Park Service,,,,,,12/31/2017
,,,,Land Resources Division,,,,,,
,,,,Listing of Acreage (Summary),,,,,,
,,,,NPS Less Than,Other Federal,Subtotal Federal,Other Public,,Subtotal Non-,
Area Name,State,Reg,NPS Fee Acres,Fee Acres,Fee Acres,Acres,Acres,Private Acres,Federal Acres,Gross Area Acres
RICHMOND NBP,VA,NE,"3,648.10",22.43,1.42,"3,671.95",3.70,"4,495.20","4,498.90","8,170.85"
RIO GRANDE WILD & SR,TX,IM,0.00,0.00,0.00,0.00,"2,150.00","7,450.00","9,600.00","9,600.00"
RIVER RAISIN NBP,MI,MW,42.18,0.00,0.00,42.18,0.00,0.00,0.00,42.18
ROCK CREEK PARK,DC,NC,"1,755.21",0.00,0.00,"1,755.21",0.00,0.00,0.00,"1,755.21"
ROCKY MT NP,CO,IM,"264,251.44","1,220.70",0.00,"265,472.14",117.04,206.02,323.06,"265,795.20"
ROGER WILLIAMS NMEM,RI,NE,4.56,0.00,0.00,4.56,0.00,0.00,0.00,4.56
ROSIE THE RIVETER NHP,CA,PW,0.00,0.00,0.00,0.00,145.19,0.00,145.19,145.19
ROSS LAKE NRA,WA,PW,"115,959.59",0.00,0.00,"115,959.59","1,609.37",5.63,"1,615.00","117,574.59"
RUSSELL CAVE NM,AL,SE,310.45,0.00,0.00,310.45,0.00,0.00,0.00,310.45
SAGAMORE HILL NHS,NY,NE,83.02,0.00,0.00,83.02,0.00,0.00,0.00,83.02
SAGUARO NP,AZ,IM,"87,908.70",13.64,0.00,"87,922.34","3,009.67",783.71,"3,793.38","91,715.72"
SAINT CROIX NSR,MN-WI,MW,"20,355.16","11,057.45",804.44,"32,217.05","30,716.34","4,533.24","35,249.58","67,466.63"
SAINT-GAUDENS NHS,NH,NE,190.75,0.00,0.00,190.75,0.00,0.00,0.00,190.75
SALEM MARITIME NHS,MA,NE,8.93,0.00,0.00,8.93,0.00,0.09,0.09,9.02
SALINAS PUEBLO MSNS NM,NM,IM,979.87,5.26,0.00,985.13,5.68,80.61,86.29,"1,071.42"
SALT RVR BAY NHP,VI,SE,224.67,0.00,0.00,224.67,659.49,105.26,764.75,989.42
SAN ANTONIO MISSIONS NHP,TX,IM,476.15,69.68,0.00,545.83,259.22,142.72,401.94,947.77
SAN FRAN MARITIME NHP,CA,PW,30.03,0.00,0.00,30.03,19.83,0.00,19.83,49.86
SAN JUAN ISLAND NHP,WA,PW,"2,114.52",0.00,0.00,"2,114.52",26.54,4.50,31.04,"2,145.56"
SAN JUAN NHS,PR,SE,53.20,0.00,0.00,53.20,21.93,0.00,21.93,75.13
SAND CREEK MASSACRE NHS,CO,IM,"3,025.43",0.00,0.00,"3,025.43",0.00,"9,557.91","9,557.91","12,583.34"
SANTA MONICA MTS NRA,CA,PW,"23,570.56",33.38,16.45,"23,620.39","50,635.52","82,362.53","132,998.05","156,618.44"
SARATOGA NHP,NY,NE,"3,080.60",2.04,0.00,"3,082.64",59.18,437.32,496.50,"3,579.14"
SAUGUS IRON WORKS NHS,MA,NE,8.51,0.00,0.00,8.51,0.00,0.00,0.00,8.51
SCOTTS BLUFF NM,NE,MW,"2,953.94",0.27,0.00,"2,954.21",5.95,44.57,50.52,"3,004.73"
SEQUOIA NP,CA,PW,"403,893.31",15.36,0.00,"403,908.67",0.00,153.96,153.96,"404,062.63"
SHENANDOAH NP,VA,NE,"197,536.49",818.31,0.00,"198,354.80",72.11,790.86,862.97,"199,217.77"
SHILOH NMP,TN-MS,SE,"5,364.74",1.19,0.00,"5,365.93",958.76,"1,607.43","2,566.19","7,932.12"
SITKA NHP,AK,A,58.22,0.00,0.00,58.22,54.63,3.44,58.07,116.29
SLEEPING BEAR DUNES NL,MI,MW,"57,113.34",661.99,1.85,"57,777.18","12,067.29","1,406.59","13,473.88","71,251.06"
,,,OFFICIAL NPS REPORT - APPROVED FOR PUBLIC DISTRIBUTION,,,,,,,Page 12 of 15

,,,,National Park Service,,,,,,12/31/2017
,,,,Land Resources Division,,,,,,
,,,,Listing of Acreage (Summary),,,,,,
,,,,NPS Less Than,Other Federal,Subtotal Federal,Other Public,,Subtotal Non-,
Area Name,State,Reg,NPS Fee Acres,Fee Acres,Fee Acres,Acres,Acres,Private Acres,Federal Acres,Gross Area Acres
SPRINGFIELD ARMORY NHS,MA,NE,20.32,0.28,0.00,20.60,34.33,0.00,34.33,54.93
ST CROIX ISLAND IHS,ME,NE,6.50,0.00,0.00,6.50,0.00,0.00,0.00,6.50
ST PAUL'S CHURCH NHS,NY,NE,6.13,0.00,0.00,6.13,0.00,0.00,0.00,6.13
STATUE OF LIBERTY NM,NY-NJ,NE,58.38,0.00,0.00,58.38,0.00,0.00,0.00,58.38
STEAMTOWN NHS,PA,NE,51.29,0.00,0.00,51.29,10.55,0.64,11.19,62.48
STONES RIVER NB,TN,SE,649.49,0.00,0.00,649.49,13.07,46.93,60.00,709.49
STONEWALL NM,NY,NE,0.12,0.00,0.00,0.12,7.53,0.05,7.58,7.70
SUNSET CRATER VOLC NM,AZ,IM,"3,040.00",0.00,0.00,"3,040.00",0.00,0.00,0.00,"3,040.00"
T KOSCIUSZKO NMEM,PA,NE,0.02,0.00,0.00,0.02,0.00,0.00,0.00,0.02
T ROOSEVELT BIRTHPLACE NHS,NY,NE,0.11,0.00,0.00,0.11,0.00,0.00,0.00,0.11
T ROOSEVELT INAUG NHS,NY,NE,1.18,0.00,0.00,1.18,0.00,0.00,0.00,1.18
T ROOSEVELT ISLAND,DC,NC,88.50,0.00,0.00,88.50,0.00,0.00,0.00,88.50
T ROOSEVELT NP,ND,MW,"69,550.88",0.00,151.24,"69,702.12",54.33,690.44,744.77,"70,446.89"
TALLGRASS PRAIRIE NPRE,KS,MW,33.12,0.00,0.00,33.12,17.30,"10,832.25","10,849.55","10,882.67"
THOMAS EDISON NHP,NJ,NE,21.25,0.00,0.00,21.25,0.00,0.00,0.00,21.25
THOMAS JEFFERSON MEM,DC,NC,18.36,0.00,0.00,18.36,0.00,0.00,0.00,18.36
THOMAS STONE NHS,MD,NE,328.25,0.00,0.00,328.25,0.00,0.00,0.00,328.25
TIMPANOGOS CAVE NM,UT,IM,250.00,0.00,0.00,250.00,0.00,0.00,0.00,250.00
TIMUCUAN ECO & H PRES,FL,SE,"7,537.61","1,330.00",0.00,"8,867.61","18,284.86","19,110.20","37,395.06","46,262.67"
TONTO NM,AZ,IM,"1,120.00",0.00,0.00,"1,120.00",0.00,0.00,0.00,"1,120.00"
TULE SPRINGS FOSSIL BEDS NM,NV,PW,"22,650.00",0.00,0.00,"22,650.00",0.00,0.00,0.00,"22,650.00"
TUMACACORI NHP,AZ,IM,357.74,0.00,0.00,357.74,0.64,1.94,2.58,360.32
TUPELO NB,MS,SE,1.00,0.00,0.00,1.00,0.00,0.00,0.00,1.00
TUSKEGEE AIRMEN NHS,AL,SE,44.71,0.00,0.00,44.71,0.40,44.57,44.97,89.68
TUSKEGEE INSTITUTE NHS,AL,SE,7.90,1.02,0.00,8.92,0.00,49.00,49.00,57.92
TUZIGOOT NM,AZ,IM,366.42,15.11,0.00,381.53,0.00,430.36,430.36,811.89
ULYSSES S GRANT NHS,MO,MW,9.60,0.00,0.00,9.60,0.00,0.00,0.00,9.60
UPPER DEL SCENIC & R RVR,NY-PA,NE,30.47,0.28,0.00,30.75,"1,327.96","73,640.85","74,968.81","74,999.56"
VALLES CALDERA N PRES,NM,IM,"89,766.09",0.00,0.00,"89,766.09",0.00,0.00,0.00,"89,766.09"
VALLEY FORGE NHP,PA,NE,"3,145.73",29.13,0.00,"3,174.86",218.03,74.81,292.84,"3,467.70"
,,,OFFICIAL NPS REPORT - APPROVED FOR PUBLIC DISTRIBUTION,,,,,,,Page 13 of 15

,,,,National Park Service,,,,,,12/31/2017
,,,,Land Resources Division,,,,,,
,,,,Listing of Acreage (Summary),,,,,,
,,,,NPS Less Than,Other Federal,Subtotal Federal,Other Public,,Subtotal Non-,
Area Name,State,Reg,NPS Fee Acres,Fee Acres,Fee Acres,Acres,Acres,Private Acres,Federal Acres,Gross Area Acres
VANDERBILT MANSION NHS,NY,NE,211.65,0.00,0.00,211.65,0.00,0.00,0.00,211.65
VICKSBURG NMP,MS-LA,SE,"1,760.05",-0.95,0.00,"1,759.10",4.84,50.61,55.45,"1,814.55"
VIETNAM VETERANS MEM,DC,NC,2.18,0.00,0.00,2.18,0.00,0.00,0.00,2.18
VIRGIN ISLANDS CORAL REEF,VI,SE,"11,608.48",0.00,0.00,"11,608.48","1,099.59",0.00,"1,099.59","12,708.07"
VIRGIN ISLANDS NP,VI,SE,"13,101.98",3.00,0.00,"13,104.98",133.48,"1,701.54","1,835.02","14,940.00"
VOYAGEURS NP,MN,MW,"133,108.69",0.00,139.03,"133,247.72","83,903.18","1,049.25","84,952.43","218,200.15"
WACO MAMMOTH NM,TX,IM,4.93,2.18,0.00,7.11,100.12,0.00,100.12,107.23
WALNUT CANYON NM,AZ,IM,"3,251.42",0.00,0.00,"3,251.42",0.00,277.84,277.84,"3,529.26"
WAR IN THE PACIFIC NHP,GUAM,PW,957.52,0.00,0.73,958.25,871.96,200.44,"1,072.40","2,030.65"
WASHINGTON MONUMENT,DC,NC,101.01,0.00,5.00,106.01,0.00,0.00,0.00,106.01
WASHITA BATTLEFIELD NHS,OK,IM,312.20,0.00,0.00,312.20,3.00,0.00,3.00,315.20
WEIR FARM NHS,CT,NE,68.05,0.00,0.00,68.05,0.00,6.15,6.15,74.20
WHISKEYTOWN-S-T NRA,CA 3/,PW,"42,492.09",0.00,0.00,"42,492.09",0.00,11.16,11.16,"42,503.25"
WHITE HOUSE,DC,NC,18.07,0.00,0.00,18.07,0.00,0.00,0.00,18.07
WHITE SANDS NM,NM,IM,"142,653.49",0.00,"1,050.06","143,703.55",0.00,0.00,0.00,"143,703.55"
WHITMAN MISSION NHS,WA,PW,138.53,0.00,0.00,138.53,0.00,0.00,0.00,138.53
WILLIAM H TAFT NHS,OH,MW,1.92,0.00,0.00,1.92,1.07,0.65,1.72,3.64
WILSONS CREEK NB,MO,MW,"1,975.20",0.00,0.00,"1,975.20",7.08,425.82,432.90,"2,408.10"
WIND CAVE NP,SD,MW,"33,970.84",0.00,0.00,"33,970.84",0.00,0.00,0.00,"33,970.84"
WOLF TRAP NP FOR PERF ARTS,VA,NC,117.89,12.39,0.00,130.28,0.00,0.00,0.00,130.28
WOMEN'S RIGHTS NHP,NY,NE,7.03,0.09,0.00,7.12,0.10,0.22,0.32,7.44
WORLD WAR I NMEM,DC,NC,1.39,0.00,0.00,1.39,0.00,0.00,0.00,1.39
WRANGELL-ST ELIAS N PRES,AK,A,"4,323,495.94",400.00,0.00,"4,323,895.94","39,779.85","488,968.73","528,748.58","4,852,644.52"
WRANGELL-ST ELIAS NP,AK,A,"7,956,689.25",0.00,0.00,"7,956,689.25","17,585.84","348,871.39","366,457.23","8,323,146.48"
WRIGHT BROTHERS NMEM,NC,SE,421.81,0.00,0.00,421.81,6.63,0.00,6.63,428.44
WUPATKI NM,AZ,IM,"35,401.73",20.40,0.00,"35,422.13",0.00,0.00,0.00,"35,422.13"
WWII VALOR IN THE PACIFIC NM,HI-CA,PW,15.00,0.00,41.66,56.66,2.37,0.00,2.37,59.03
YELLOWSTONE NP,ID-MT-WY,IM,"2,219,789.13",0.00,0.00,"2,219,789.13",0.00,1.58,1.58,"2,219,790.71"
YOSEMITE NP,CA,PW,"759,690.11",10.83,319.11,"760,020.05","1,502.70",224.75,"1,727.45","761,747.50"
YUCCA HOUSE NM,CO,IM,33.87,0.00,0.00,33.87,0.00,0.00,0.00,33.87
,,,OFFICIAL NPS REPORT - APPROVED FOR PUBLIC DISTRIBUTION,,,,,,,Page 14 of 15

,,,,National Park Service,,,,,,12/31/2017
,,,,Land Resources Division,,,,,,
,,,,Listing of Acreage (Summary),,,,,,
,,,,NPS Less Than,Other Federal,Subtotal Federal,Other Public,,Subtotal Non-,
Area Name,State,Reg,NPS Fee Acres,Fee Acres,Fee Acres,Acres,Acres,Private Acres,Federal Acres,Gross Area Acres
YUKON-CHARLEY RIVERS N PR,AK,A,"2,195,546.98",0.00,0.00,"2,195,546.98","46,167.00","284,798.46","330,965.46","2,526,512.44"
ZION NP,UT,IM,"143,747.65",0.00,0.00,"143,747.65",5.13,"3,484.24","3,489.37","147,237.02"
,,Total Acres:,"79,969,845.62","329,144.44","709,460.64","81,008,450.70","1,414,778.95","2,617,093.77","4,031,872.72","85,040,323.42"
ENDNOTES:,,,,,,,,,,
1/ CURECANTI NRA AND LAKE ROOSEVELT NRA ARE ADMINISTERED UNDER COOPERATIVE AGREEMENT WITH OTHER FEDERAL AGENCIES.,,,,,,,,,,
"2/ ASSATEAGUE ISLAND NS FEDERAL LAND INCLUDES 9,448.00 ACRES ADMINISTERED BY U.S. FISH AND WILDLIFE SERVICE.",,,,,,,,,,
3/ WHISKEYTOWN-SHASTA-TRINITY NRA - SHASTA AND TRINITY PORTION ADMINISTERED BY THE FOREST SERVICE. ONLY NATIONAL PARK SERVICE ACREAGE SHOWN.,,,,,,,,,,
4/ APPALACHIAN NS TRAIL - MANAGEMENT OF TRAIL HANDLED BY THE WASHINGTON OFFICE.,,,,,,,,,,
5/ FOR TOTAL ACREAGE OF BIG CYPRESS NATIONAL PRESERVE - ADD THE ACREAGE FOR BIG CYPRESS NATIONAL PRESERVE AND BIG CYPRESS ADDITION.,,,,,,,,,,
6/ FOR TOTAL ACREAGE OF EVERGLADES NATIONAL PARK - ADD THE ACREAGE FOR EVERGLADES NATIONAL PARK AND EVERGLADES EXPANSION.,,,,,,,,,,
,,,PREPARED BY: LAND RESOURCES NATIONAL PROGRAM CENTER,,,,,,,
,,,,,(202-354-6961),,,,,
,,,OFFICIAL NPS REPORT - APPROVED FOR PUBLIC DISTRIBUTION,,,,,,,Page 15 of 15
